type,word,current_pos
R,with,Preposition
PW,and,Conjunction
PW,tokens,Noun
PW,tokens,Noun
<>,circa,Adjective
P,I,Pronoun
<>,I,Pronoun
<>,he,Pronoun
PW,I,Pronoun
P,go,Verb
R,and,Conjunction
PW,it,Pronoun
PW,go,Verb
R,they're,Verb
P,I,Pronoun
PW,grandpa,Noun
WW,like,Interjection
PW,gray,Adjective
R,I,Pronoun
PW,it's,Pronoun
R,I,Pronoun
R,dig,Verb
PW,and,Conjunction
PW,turquoise,Noun
WW,it's,Pronoun
<>,little,Adjective
<>,my,Pronoun
P,I,Pronoun
P,I,Pronoun
WW,the,Determiner
WW,bob,Noun
R,RESTARTREVISION,Noun
WW,he,Pronoun
WW,and,Conjunction
WW,in,Adverb
PW,her,Pronoun
WW,I,Pronoun
<>,talking,Verb
PW,I,Pronoun
R,alley,Verb
PW,had,Verb
R,and,Conjunction
R,and,Conjunction
<>,her,Pronoun
R,here's,Noun
P,here,Adverb
PW,it,Pronoun
R,RESTARTREVISION,Noun
P,the,Determiner
R,we,Pronoun
WW,eat,Verb
WW,and,Conjunction
WW,but,Conjunction
WW,were,Verb
<>,and,Conjunction
P,and,Conjunction
WW,the,Determiner
R,no,Determiner
R,and,Conjunction
WW,and,Conjunction
R,RESTARTREVISION,Noun
WW,the,Determiner
R,RESTARTREVISION,Noun
R,RESTARTREVISION,Noun
WW,with,Preposition
R,RESTARTREVISION,Noun
PW,with,Preposition
R,this,Pronoun
R,I,Pronoun
WW,and,Conjunction
WW,and,Conjunction
WW,we,Pronoun
R,a,Determiner
WW,that,Conjunction
PW,I'll,Verb
PW,and,Conjunction
PW,no,Interjection
WW,I,Pronoun
WW,I,Pronoun
PW,skinny,Adjective
R,small,Adjective
P,let's,Noun
WW,I,Pronoun
WW,well,Interjection
PW,well,Interjection
PW,didn't,Interjection
<>,squish,Adjective
<>,squish,Adjective
R,we,Pronoun
WW,we,Pronoun
<>,squish,Adjective
WW,well,Interjection
P,did,Verb
WW,why,Conjunction
R,so,Adverb
R,we,Pronoun
WW,so,Adverb
WW,we,Pronoun
WW,I,Pronoun
PW,yes,Interjection
WW,so,Adverb
R,at,Preposition
PW,I,Pronoun
WW,and,Conjunction
R,let's,Noun
WW,so,Adverb
R,let's,Adjective
PW,well,Interjection
WW,so,Adverb
WW,well,Interjection
R,know,Verb
PW,splash,Verb
R,wa,Interjection
P,I,Pronoun
R,RESTARTREVISION,Noun
P,well,Interjection
<>,well,Interjection
WW,I,Pronoun
P,how,Conjunction
WW,so,Adverb
PW,so,Adverb
WW,well,Interjection
WW,so,Adverb
R,my,Pronoun
PW,I,Pronoun
R,oh,Interjection
P,I,Pronoun
PW,well,Interjection
P,does,Verb
P,I,Pronoun
PW,I,Pronoun
WW,put,Verb
P,you,Pronoun
PW,when,Conjunction
WW,no,Interjection
P,they,Pronoun
PW,and,Conjunction
WW,mom,Noun
P,the,Determiner
WW,me,Pronoun
WW,now,Adverb
P,so,Adverb
P,and,Conjunction
P,in,Preposition
R,so,Adverb
WW,so,Adverb
WW,well,Interjection
P,a,Determiner
WW,a,Determiner
P,what,Pronoun
PW,what,Pronoun
PW,can,Verb
WW,mommy,Noun
R,ps,Noun
WW,I,Pronoun
WW,mommy,Noun
PW,that's,Noun
WW,mom,Noun
WW,no,Interjection
WW,and,Conjunction
PW,no,Interjection
<>,n,Adverb
PW,mine,Noun
WW,mommy,Noun
WW,I,Pronoun
PW,that,Conjunction
PW,and,Conjunction
PW,and,Conjunction
WW,some,Pronoun
WW,some,Pronoun
WW,some,Determiner
R,s,Verb
WW,I,Pronoun
PW,and,Conjunction
PW,and,Conjunction
WW,and,Conjunction
WW,can,Verb
WW,I,Pronoun
R,RESTARTREVISION,Noun
WW,I,Pronoun
P,right,Adverb
WW,some,Determiner
WW,no,Interjection
WW,mine,Noun
WW,mine,Noun
WW,that,Conjunction
P,I,Pronoun
PW,this,Pronoun
R,p,Noun
PW,this,Pronoun
WW,that's,Noun
R,p,Noun
P,I,Pronoun
PW,this,Pronoun
P,he's,Noun
P,he,Pronoun
WW,on,Preposition
P,can,Verb
PW,and,Conjunction
WW,can,Verb
P,mommy,Noun
P,can,Verb
WW,he,Pronoun
R,RESTARTREVISION,Noun
P,and,Conjunction
WW,he's,Noun
<>,t,Noun
R,RESTARTREVISION,Noun
R,RESTARTREVISION,Noun
PW,mine,Noun
WW,mom,Noun
R,my,Pronoun
PW,we,Pronoun
P,mommy,Noun
P,what,Pronoun
PW,where,Conjunction
P,I,Pronoun
WW,I,Pronoun
R,hey,Interjection
R,that,Pronoun
R,yea,Verb
R,ye,Noun
PW,you,Pronoun
P,he,Pronoun
R,uncl,Verb
P,he,Pronoun
R,a,Determiner
R,you,Pronoun
PW,this,Pronoun
PW,mess,Noun
WW,who,Pronoun
P,I'm,Pronoun
P,I'm,Pronoun
WW,throw,Verb
R,I'm,Pronoun
P,I,Pronoun
P,I,Pronoun
P,cross,Verb
WW,I'm,Pronoun
R,they,Pronoun
WW,I,Pronoun
R,no,Determiner
R,pf,Interjection
PW,seek,Verb
WW,we,Pronoun
PW,where,Conjunction
WW,this,Pronoun
R,these,Determiner
PW,hey,Interjection
PW,can,Verb
WW,and,Conjunction
PW,that's,Noun
P,hey,Interjection
PW,I'm,Pronoun
WW,so,Adverb
PW,hey,Interjection
R,there's,Verb
PW,that's,Noun
WW,I,Pronoun
R,hey,Interjection
R,no,Interjection
WW,no,Interjection
PW,no,Interjection
PW,I,Pronoun
PW,I,Pronoun
WW,look,Verb
PW,we,Pronoun
R,tha,Verb
WW,this,Pronoun
R,what,Pronoun
PW,but,Conjunction
WW,I,Pronoun
WW,but,Conjunction
PW,you,Pronoun
<>,I,Pronoun
WW,but,Conjunction
WW,but,Conjunction
WW,but,Conjunction
WW,but,Conjunction
WW,but,Conjunction
R,nope,Interjection
WW,but,Conjunction
PW,and,Conjunction
PW,but,Conjunction
P,and,Conjunction
R,RESTARTREVISION,Noun
PW,and,Conjunction
WW,them,Pronoun
WW,but,Conjunction
WW,no,Interjection
WW,there,Adverb
WW,no,Interjection
WW,he's,Noun
PW,either,Conjunction
WW,I,Pronoun
R,RESTARTREVISION,Noun
R,RESTARTREVISION,Noun
WW,some,Determiner
WW,I,Pronoun
PW,that's,Noun
R,here,Adverb
R,cuz,Conjunction
WW,is,Verb
PW,because,Conjunction
WW,you,Pronoun
R,a,Determiner
PW,you,Pronoun
R,RESTARTREVISION,Noun
WW,you,Pronoun
R,RESTARTREVISION,Noun
PW,you,Pronoun
WW,and,Conjunction
P,you,Pronoun
R,but,Conjunction
PW,what's,Noun
WW,and,Conjunction
PW,you,Pronoun
PW,you,Pronoun
PW,but,Conjunction
PW,no,Interjection
<>,I,Pronoun
PW,yesterday,Noun
WW,no,Interjection
WW,so,Adverb
<>,no,Interjection
PW,but,Conjunction
<>,no,Interjection
PW,I,Pronoun
PW,just,Adverb
WW,put,Verb
WW,so,Adverb
WW,so,Adverb
WW,no,Interjection
WW,it's,Pronoun
WW,no,Interjection
WW,the,Determiner
PW,but,Conjunction
R,and,Conjunction
PW,yeah,Interjection
WW,I,Pronoun
PW,nope,Noun
WW,I,Pronoun
PW,look,Verb
WW,I,Pronoun
PW,that,Conjunction
PW,like,Interjection
WW,I,Pronoun
WW,that,Conjunction
<>,that,Pronoun
P,that,Conjunction
PW,that,Conjunction
WW,that,Conjunction
R,RESTARTREVISION,Noun
R,that,Conjunction
WW,that,Conjunction
PW,mama,Noun
R,they're,Verb
WW,they're,Noun
PW,over,Adverb
WW,I,Pronoun
PW,missed,Verb
WW,mama,Interjection
WW,no,Interjection
PW,no,Interjection
WW,can,Verb
WW,we,Pronoun
WW,we,Pronoun
PW,we,Pronoun
P,to,Preposition
WW,in,Preposition
WW,it's,Pronoun
P,it's,Pronoun
WW,yeah,Interjection
R,and,Conjunction
WW,you,Pronoun
PW,he,Pronoun
PW,then,Adverb
PW,and,Conjunction
R,roll,Verb
R,I,Pronoun
R,I,Pronoun
WW,but,Conjunction
R,then,Adverb
WW,then,Adverb
PW,and,Conjunction
WW,I,Pronoun
R,RESTARTREVISION,Noun
PW,then,Adverb
R,RESTARTREVISION,Noun
PW,then,Adverb
R,and,Conjunction
PW,I,Pronoun
R,s,Verb
P,if,Conjunction
PW,then,Adverb
WW,did,Verb
R,RESTARTREVISION,Noun
R,did,Verb
R,they,Pronoun
R,RESTARTREVISION,Noun
PW,then,Adverb
PW,but,Conjunction
R,RESTARTREVISION,Noun
R,but,Conjunction
PW,but,Conjunction
R,RESTARTREVISION,Noun
WW,pie,Noun
R,what,Pronoun
WW,yeah,Interjection
R,RESTARTREVISION,Noun
R,yeah,Interjection
P,gotta,Verb
R,gotta,Noun
WW,that,Conjunction
WW,be,Verb
PW,than,Preposition
P,but,Conjunction
R,but,Conjunction
R,RESTARTREVISION,Verb
P,but,Conjunction
PW,but,Conjunction
R,RESTARTREVISION,Noun
R,di,Interjection
WW,we,Pronoun
PW,we,Pronoun
R,RESTARTREVISION,Noun
R,see,Verb
R,RESTARTREVISION,Noun
PW,now,Adverb
WW,now,Adverb
PW,try,Noun
R,no,Interjection
WW,yeah,Interjection
P,yeah,Interjection
R,sit,Verb
P,stand,Verb
P,and,Conjunction
WW,so,Adverb
R,h,Interjection
R,why,Conjunction
PW,is,Verb
R,how,Conjunction
P,me,Pronoun
PW,me,Pronoun
P,pie,Noun
R,me,Pronoun
PW,play,Verb
R,you,Pronoun
P,you,Pronoun
R,RESTARTREVISION,Noun
R,have,Verb
WW,how,Conjunction
PW,no,Interjection
R,we,Pronoun
WW,see,Verb
P,part,Noun
P,we,Pronoun
PW,we,Pronoun
P,a,Determiner
WW,more,Adverb
WW,wheels,Noun
WW,but,Conjunction
R,RESTARTREVISION,Noun
PW,let,Verb
P,how,Conjunction
PW,but,Conjunction
R,this,Pronoun
PW,this,Pronoun
R,I,Pronoun
R,a,Determiner
R,RESTARTREVISION,Noun
PW,but,Conjunction
R,RESTARTREVISION,Noun
P,how,Conjunction
WW,you'll,Pronoun
WW,what,Pronoun
PW,me,Pronoun
PW,now,Adverb
R,RESTARTREVISION,Noun
P,these,Determiner
PW,me,Pronoun
PW,no,Interjection
P,me,Pronoun
P,but,Conjunction
PW,for,Preposition
WW,make,Verb
PW,no,Interjection
WW,need,Verb
PW,we,Pronoun
WW,it,Pronoun
WW,we,Pronoun
PW,put,Verb
<>,we're,Verb
R,that's,Noun
WW,we,Pronoun
WW,then,Adverb
R,RESTARTREVISION,Noun
PW,put,Verb
P,on,Preposition
P,I,Pronoun
PW,I'm,Pronoun
PW,and,Conjunction
PW,and,Conjunction
PW,it's,Pronoun
P,made,Verb
WW,so,Adverb
PW,on,Adverb
PW,on,Adverb
R,RESTARTREVISION,Noun
WW,the,Determiner
PW,I,Pronoun
PW,this,Pronoun
WW,be,Verb
R,that,Determiner
PW,it's,Pronoun
PW,let's,Adjective
P,let's,Noun
PW,and,Conjunction
R,the,Determiner
PW,it's,Pronoun
PW,it's,Pronoun
R,RESTARTREVISION,Noun
PW,I,Pronoun
WW,and,Conjunction
P,and,Conjunction
R,and,Conjunction
P,so,Adverb
PW,I'm,Pronoun
P,we,Pronoun
WW,roll,Verb
R,can,Verb
WW,hey,Interjection
P,do,Verb
R,do,Verb
WW,should,Verb
WW,hey,Interjection
WW,hey,Interjection
WW,we,Pronoun
PW,I'm,Pronoun
R,RESTARTREVISION,Noun
P,going,Verb
R,I,Pronoun
WW,hey,Interjection
R,I,Pronoun
R,ha,Interjection
PW,-uh,Interjection
PW,let's,Adjective
R,wha,Verb
WW,it's,Pronoun
WW,we,Pronoun
PW,there's,Interjection
R,RESTARTREVISION,Noun
R,tha,Interjection
PW,there's,Interjection
PW,but,Conjunction
R,I'll,Pronoun
WW,here,Adverb
PW,use,Verb
PW,my,Pronoun
PW,well,Interjection
WW,I,Pronoun
PW,with,Preposition
WW,she,Pronoun
P,that,Pronoun
PW,that,Conjunction
WW,I,Pronoun
PW,with,Preposition
<>,well,Interjection
R,we,Pronoun
PW,we,Pronoun
R,the,Determiner
PW,but,Conjunction
PW,probably,Adverb
<>,yeah,Interjection
PW,probably,Adverb
R,yeah,Interjection
R,tho,Noun
PW,we,Pronoun
PW,let's,Adjective
WW,so,Adverb
WW,we'll,Verb
PW,to,Preposition
PW,remember,Verb
PW,when,Conjunction
PW,when,Conjunction
WW,we,Pronoun
PW,but,Conjunction
PW,that,Conjunction
WW,they'll,Noun
R,sku,Noun
PW,it,Pronoun
PW,does,Verb
WW,and,Conjunction
PW,I,Pronoun
WW,my,Interjection
PW,right,Adverb
PW,and,Conjunction
WW,and,Conjunction
WW,where,Conjunction
WW,where,Conjunction
PW,it's,Pronoun
PW,you,Pronoun
WW,a,Determiner
<>,ha,Interjection
P,a,Determiner
WW,no,Interjection
WW,some,Pronoun
PW,carts,Noun
WW,some,Pronoun
WW,no,Interjection
P,put,Verb
R,RESTARTREVISION,Noun
WW,a,Determiner
WW,no,Interjection
WW,and,Conjunction
WW,now,Adverb
WW,now,Adverb
PW,no,Interjection
P,put,Verb
WW,no,Interjection
PW,and,Conjunction
PW,then,Adverb
PW,it,Pronoun
P,all,Determiner
WW,then,Adverb
WW,no,Interjection
PW,thomas,Noun
PW,help,Verb
WW,then,Adverb
P,what,Pronoun
WW,no,Interjection
WW,hook,Noun
PW,no,Interjection
PW,then,Adverb
P,hook,Noun
WW,then,Adverb
WW,you,Pronoun
WW,let's,Adjective
WW,no,Interjection
WW,make,Verb
PW,then,Adverb
R,t,Noun
WW,make,Verb
PW,I,Pronoun
WW,my,Pronoun
WW,or,Conjunction
WW,mom,Noun
WW,she,Pronoun
WW,and,Conjunction
R,with,Preposition
R,in,Preposition
R,RESTARTREVISION,Noun
R,RESTARTREVISION,Noun
P,I,Pronoun
WW,I,Pronoun
R,RESTARTREVISION,Noun
WW,we,Pronoun
PW,we'll,Verb
PW,ah,Interjection
R,RESTARTREVISION,Noun
WW,what,Pronoun
PW,after,Preposition
R,when,Conjunction
WW,why,Conjunction
R,what,Pronoun
WW,a,Determiner
WW,and,Conjunction
R,I,Pronoun
R,RESTARTREVISION,Noun
WW,you,Pronoun
PW,peek,Verb
R,on,Preposition
WW,our,Pronoun
PW,no,Interjection
PW,don't,Adverb
R,n,Adverb
R,wa,Adjective
PW,taking,Noun
R,I,Pronoun
PW,what's,Noun
WW,her,Pronoun
R,I,Pronoun
PW,and,Conjunction
WW,mom,Noun
PW,this,Pronoun
WW,I'm,Pronoun
PW,put,Verb
R,he,Pronoun
PW,no,Interjection
WW,but,Conjunction
P,I,Pronoun
R,buzz,Verb
PW,yes,Interjection
R,make,Verb
WW,I,Pronoun
PW,man,Noun
PW,put,Verb
R,RESTARTREVISION,Noun
R,mi,Noun
PW,turn,Verb
WW,on,Adverb
WW,so,Adverb
P,gonna,Noun
<>,gonna,Noun
WW,I,Pronoun
<>,back,Adverb
<>,well,Interjection
<>,we,Pronoun
WW,no,Interjection
PW,diesel,Noun
WW,hook,Noun
WW,of,Preposition
WW,let's,Adjective
WW,that,Conjunction
R,because,Conjunction
PW,cookie,Noun
